,0
0,nan
1,nan
2,nan
3,nan
4,nan
5,nan
6,nan
7,nan
8,nan
9,nan
10,nan
11,nan
12,"Door een deel van de vis mee te pureren, krijgt de soep een échte vissmaak."
13,nan
14,nan
15,Bijzonder: verse kropsla door de warme risotto!
16,Fiësta: kruidige varkensreepjes op een wrap met frisse ijsbergsla.
17,nan
18,nan
19,"Rijkgevulde risotto met noten, groenten, kruiden, kip én kaas."
20,nan
21,Geef je maaltijd een zomers en mediterraan tintje met aubergine en oregano.
22,nan
23,nan
24,nan
25,nan
26,nan
27,Na deze broodjes bbq-braadworst steek je de bbq voortaan op elk moment van de dag aan.
28,nan
29,nan
30,nan
31,nan
32,nan
33,Lekker met fijngesneden peterselie.
34,Dé favoriet tijdens een familiepicknick: koude kippenpootjes. Vooral als ze gemarineerd zijn in oosterse smaken.  
35,"Aioli, een heerlijke dipsaus uit Spanje. Wil je zelf aioli maken? Wij geven je het basisrecept."
36,Deze andijviestamppot is extra smeuïg en fris door de crème fraîche.
37,De dragon geeft de salade een licht anijsachtige smaak.
38,nan
39,nan
40,Een Duitse hit deze salade. Zacht van smaak en rijkelijk gevuld met ham en aardappeltjes.
41,nan
42,nan
43,Aardappelsalade met een twist: heerlijke groente en vette vis.
44,nan
45,nan
46,Bijzonder: ook de komkommer gaat in de wok. Lekker knapperig!
47,nan
48,"Een lichte en snelle maaltijd, lekker met een hardgekookt ei. "
49,nan
50,"Stevige salade met aardappel, bleekselderij, radijs en knakworst. Van tevoren te bereiden: Handig als je wilt picknicken!"
51,"Het zijn net cupcakes, maar dan met hartige yorkham en cheddar."
52,"Met dit pastagerecht haal je de zomer in huis, of eet lekker buiten vanavond!"
53,"De pavlova krijgt zijn mooie, roze kleur door het bietensap."
54,Maak deze scones extra lekker met vers fruit en mascarpone. 
55,nan
56,nan
57,Uitgenodigd voor een barbecue? Neem deze spicy maiskolven mee als extraatje. Ze zijn ook nog eens zó klaar!
58,Maak sangria deze keer met witte wijn en fris. Snijd verse ananas en nectarines voor erin.
59,nan
60,nan
61,nan
62,"IJskoud lunchgerecht vol groenten, deze oranje gazpacho. Heerlijk voor een zomerse dag."
63,nan
64,nan
65,nan
66,nan
67,nan
68,nan
69,nan
70,Een zachte dressing om je salade mee op smaak te brengen.
71,nan
72,nan
73,nan
74,"Niet de biefstuk, maar de gekruide aardappelblokjes stelen hier de show."
75,nan
76,nan
77,Rabarber + havermout = muffin! 
78,nan
79,"Wit én vloeibaar goud: aspergesoep. Zodra asperges in het seizoen zijn, liggen ze op ons bord. Of, in dit geval, in onze kom. Lekker met slagroom en nootmuskaat."
80,nan
81,nan
82,nan
83,nan
84,nan
85,Rijkgevulde Italiaanse maaltijdsoep.Buon appetito!
86,nan
87,nan
88,nan
89,"Aardappelschotel met kip: zelfs de kleinsten zetten graag hun vork in deze eenvoudige, maar heerlijke ovenschotel."
90,nan
91,nan
92,nan
93,"Het is dat ze zo lekker zijn, anders zou het zonde zijn om de rolletjes aan te snijden! "
94,nan
95,Vier de lente met deze pastasalade vol asperges.
96,nan
97,nan
98,nan
99,nan
100,nan
101,nan
102,nan
103,nan
104,nan
105,nan
106,nan
107,"Peterselie, dille en basilicum geven dit gerecht een frisse touch. "
108,nan
109,"Écht veel lekkerder dan afhalen, deze zelfgemaakte falafel van doperwten en veel kruiden."
110,nan
111,nan
112,nan
113,nan
114,"Zonder twijfel een van de Hollandse meesters, dit toetje met een fris extraatje van munt en fruit. "
115,nan
116,nan
117,nan
118,nan
119,nan
120,Picknick proof met zomer frisse mango en limoen!
121,nan
122,"Yes, daar zijn ze weer! Op klassieke wijze geserveerd zijn deze lentetoppertjes gewoon het lekkerst."
123,Asperges koken? Zo kook je 'het witte goud' perfect gaar. 
124,East meets west: een oosters recept met een Hollands bijgerecht. 
125,nan
126,nan
127,nan
128,nan
129,nan
130,nan
131,Spice it up!
132,"Met deze bulgursalade haal je de zon op je bord. Combineer de bulgur met erwtjes, paprika en verse kruiden. Staat al in 20 minuten op tafel!"
133,Kip en sáte: een klassieke combi. Ook lekker als dressing!
134,"Quinoa is hip en healthy. Deze salade is lekker royaal door de radijs, veldsla, courgette en tuinbonen. "
135,De lichtzoete smaak van kidneybonen is heerlijk in deze salade met bite.
136,Pilav smaak fantastisch. Maak een grote berg voor vrienden en strooi er met een gulle hand pijnboompitten over. 
137,nan
138,Dit gerecht heeft bite: knapperige asperges en crunchy amandelen.
139,nan
140,nan
141,nan
142,Combineer deze snelle knoflooksaus met je favoriete spies: hij past er perfect bij.
143,nan
144,nan
145,Spaans genieten met deze heerlijke dip. Liefst met een glaasje wijn erbij. 
146,nan
147,nan
148,Gepofte aardappel is een echte traktatie. Voor welke topping kies jij?
149,"Om vrolijk van te worden, deze spiesjes. Ook een leuke borrelhap."
150,Waan je op een mediterraans terras met deze gamba's met geurige aioli.
151,Op een zomerse dag is er niets lekkerder dan een glas frisse sangria. Alsof je op een Spaans terras zit! 
152,Met deze zelfgemaakt barbecuehapjes maak je indruk. En ze zijn zo klaar! 
153,nan
154,nan
155,nan
156,nan
157,nan
158,nan
159,nan
160,Eens wat anders dan stokbrood!
161,Broccolisoep heeft een heel zachte smaak. De zoute ham past daar goed bij.
162,nan
163,"In ieder geval voor vegetariërs, deze clubsandwich. Maar we kunnen ons voorstellen dat iedereen 'm wel wil proeven!"
164,Een oeh-la-la saus voor dit bijzondere toetje. 
165,Engelse klassieker met kastanjechampignons en tijm. Verras je gasten met dit chique gerecht.
166,De zelfgemaakte ragoutbakjes (zo gemaakt!) zijn heerlijk knapperig.
167,nan
168,nan
169,nan
170,nan
171,nan
172,Echt een pronkstuk op tafel. Serveer in stukken met peterselie en Italiaanse kaas.
173,nan
174,Lekker romig door de avocado met een pittige surprise van tabasco.
175,nan
176,"Warm, knapperig en met een fluweelzachte vulling van gesmolten geitenkaas en spinazie. Heerlijk met een frisse tomatensalade. "
177,nan
178,nan
179,Niets geeft zoveel voldoening - en smaak! - als zelf hangop maken. Met zalige zoete bramen en bessen. 
180,Mals stoofvlees onder zachte puree. Dat is pas wijsheid!
181,"Met wat puree erbij maak je er een zomers stamppotje van. 
"
182,nan
183,Poffert (of ketelkoek) werd vroeger gegeten na het werken. Nu eten we 'm lekker als toetje!
184,"Op en top Hollands soepje met kip, room en ei."
185,nan
186,Bijna te mooi om aan te snijden. Bijna...
187,"De roos heb je zo gevouwen, met de taart ben je iets langer bezig. Maar lékker dat 'ie is!"
188,nan
189,"Met deze homemade jam smaakt een broodje of beschuitje het beste. Ook lekker tussen 2 taartlagen!
"
190,nan
191,nan
192,"Holland meets Marokko, in dit zoete couscousgerecht. "
193,Een cadeautje met een bijzonder lekkere inhoud.
194,nan
195,nan
196,"Een ei hoort erbij. Flauw, maar hij maakt deze nasi écht nog lekkerder."
197,nan
198,nan
199,nan
200,"Chocoholics, opgelet. Brownies met een karamel-slagroomlaag en... pistachenoten!"
201,nan
202,nan
203,nan
204,nan
205,nan
206,nan
207,nan
208,Verrassend: met groene asperges en serranoham. 
209,nan
210,"Knapperig bladerdeeg, tijmaardappeltjes en zongerijpte olijven. En dat allemaal in één heerlijk bijgerecht."
211,nan
212,Borrel on met bitterballen... zacht krakend smaken ze zelfgemaakt het allerlekkerst.
213,nan
214,Vegetarische maaltijdsalade met een lichtpittige mosterddressing.
215,"Kip in een marinade van yoghurt, gember en currypasta. "
216,nan
217,Knapperige blokjes courgette geven de pasta een lekkere bite. 
218,nan
219,"Vol oosterse smaakmakers; knoflook, gember en rode peper in één gerecht. "
220,nan
221,Deze plaattaart is vegetarisch én lekker!
222,nan
223,…en kaas en nog veel meer. 
224,"Pasta maken vanavond? Deze pasta met spinazie, spekjes en crème fraîche zet je in 20 minuten op tafel. "
225,nan
226,"Complete maaltijd onder een dekseltje, lekker gekruid gehakt met tomaten."
227,"Hét familierecept van de familie Heijn.
"
228,nan
229,Wanneer de asperges weer van volle grond worden gestoken wordt het pas echt lente in de keuken. 
230,nan
231,nan
232,"Hoe makkelijk? Zo makkelijk: boter, bloem, melk, kaas en 20 min. geduld. "
233,nan
234,nan
235,"Een echte eyecatcher, deze taart van witte chocolade en rood fruit."
236,Deze tomaten-groentesoep valt bij het hele gezin in de smaak. Geef er een paar sneetjes donkerbruin brood bij.
237,nan
238,nan
239,nan
240,nan
241,Bewaar wat cranberry’s en strooi ze erover. Voilà: een prachtdrankje vol fruit.
242,Een hartige taart met gesmolten Gorgonzola. De verschillende soorten ui maken er een vrolijk geheel van.
243,Door het filodeeg krijgt deze quiche een extra knapperig korstje.
244,"Sjalotten zijn iets zoeter dan gewone ui. Karamelliseer ze langzaam tot ze stroperig, bruin en goddelijk zijn."
245,Deze quiche heeft een intense kaassmaak omdat je er blauwaderkaas voor gebruikt. Die geurt sterk maar smaakt voortreffelijk.
246,"Een rijke briesmaak, een friszuur appeltje, knapperige walnoten… deze quiche heeft het allemaal."
247,nan
248,Griekse yoghurt in de quiche? Jazeker! Dat maakt de zalmquiche lekker fris en licht. En nét even anders.
249,De licht nootachtige smaak is heerlijk in deze kruidige salade met gebakken zalm.
250,nan
251,Zacht visje uit de oven met basilicum en fijngehakte pistachnoten.
252,nan
253,nan
254,"Gemengde jonge bladsla met spinazie, citroensap, olie en peper. On top: pancettacrumble!"
255,nan
256,Gazpacho is een Spaanse soep ontstaan in Andalusië. Arbeiders die in de groentetuinen werkten maakten gazpacho op het land in een grote houten vijzel. Het brood in de gazpacho bindt 'm een beetje. 
257,nan
258,"Frambozen-cheesecake fris, fruitig + no bake. Komt geen oven aan te pas dus. Nog een plus: een bodem van oreo!"
259,"Voor zo'n glas vol roze, zacht en zoet komt iedereen zijn bed wel uit..."
260,Basilicum in een smoothie? De kruidige smaak doet het goed bij het frisse van het fruit.
261,nan
262,nan
263,nan
264,nan
265,nan
266,nan
267,Deze winterse smoothie smaakt bijna als een taartje. Lekker als ontbijt of tussendoortje.
268,"De Hollandse snijboon gaat op de Aziatische toer met paksoi, sojasaus en sesamolie."
269,"Deze curry maak je heerlijk kruidig met gemalen kurkuma, knoflook, kaneel en verse gember."
270,nan
271,nan
272,nan
273,"Deze lasagne bevat lekker veel groenten: winterpeen, bleekselderij en spinazie à la crème."
274,nan
275,nan
276,nan
277,Zet een Fransman en Italiaan in de keuken en dit komt ervan: quiche bolognese. Buon appetito/bon appétit!
278,nan
279,nan
280,nan
281,nan
282,"Een perfecte vegetarische risotto, met als finishing touch: tijm en peterselie."
283,De komijn laat alle smaken samenkomen!
284,nan
285,nan
286,nan
287,nan
288,nan
289,"Pittige gekruid met paprikapoeder, rode peper en oregano."
290,Maak indruk door een hele kip te bereiden. De kruiden en specerijen geven heel veel smaak.
291,nan
292,Kipquiche is warm én koud lekker. Ideaal om mee te nemen voor een picknick in het park. 
293,nan
294,nan
295,Een opgerolde zoete verrassing met pistachenoten spijs.
296,Versgebakken broodjes met een heerlijke vulling van crème fraîche en citroen.
297,"Pasta met spinazie, tomaat en mozzarella: zo simpel, maar zo lekker!"
298,nan
299,nan
300,nan
301,nan
302,nan
303,nan
304,nan
305,nan
306,De geur van versgebakken cake. Wie is er niet verliefd op?
307,nan
308,nan
309,nan
310,nan
311,nan
312,Deze marmercake tulband is mooi van buiten én van binnen.
313,"Sushi in een puntzakje, pak hem snel voordat ie weg is!"
314,Kook op z’n Japans en maak je eigen sushi met tonijn en komkommer. Leuk om te maken én lekker!
315,nan
316,nan
317,nan
318,Gezond tussendoortje dat óók een heel lekker en fris toetje is. 
319,nan
320,nan
321,nan
322,nan
323,nan
324,nan
325,"Het ideale ontbijt, voor een fris, fruitig én gezond begin van de dag. "
326,nan
327,nan
328,Deze lekker snelle bami is perfect voor drukke doordeweekse dagen.
329,nan
330,nan
331,nan
332,nan
333,"Feestelijke stamppot met spitskool, zoete puntpaprika en gebakken brie. Daar smelten wij van weg!"
334,nan
335,nan
336,Zo lust het hele gezin ze wel elke dag! 
337,Pasta pronto! Binnen tien minuten staat deze pasta met gegrilde courgette en gekookte eieren op tafel.
338,nan
339,Heerlijk Aziatisch met een boel smaakverrassingen.
340,nan
341,nan
342,Zelfgemaakt is dit Aziatische bijgerecht het állerlekkerst. 
343,nan
344,Snel. Slank. Pittig. Kip ketjap zoals-ie hóórt!
345,nan
346,nan
347,nan
348,nan
349,nan
350,Mooi oosters gerecht dat in 20 minuten op tafel staat.
351,nan
352,nan
353,nan
354,nan
355,nan
356,nan
357,nan
358,nan
359,Aziatisch toetje met een crunchy topping. 
360,Deze biefstukken verdienen extra aandacht. Van deze pittige marinade worden ze super mals!
361,nan
362,Dankzij dit recept voor tom yam goong waan je je thuis in Thailand!
363,nan
364,"Ontbijtgranen op je vis? Ja joh, daar krijg je het lekkerste korstje van. 
"
365,"Pittig Indiaas vleesgerecht met gehakt, tomaat, aubergine, kruiden en specerijen."
366,"In Japan zijn ze gék op broccoli, en wij ook. Zeker in combinatie met rundvlees en sojasaus. "
367,nan
368,nan
369,nan
370,nan
371,Zachte en smeuïge risotto met aardse kastanjechampignons en rauwe ham.
372,nan
373,nan
374,nan
375,nan
376,Deze zoete Thaise curry kan íédereen maken. 
377,nan
378,nan
379,nan
380,"Binnen een half uur op tafel, deze Hollandse stamp met bietjes en een speklapje. "
381,nan
382,nan
383,Een absolute kinderfavoriet! Je zou bijna vergeten dat er óók lekker wat groente in zit. 
384,nan
385,"Mediterraan gerecht met ansjovis, kappertjes en olijven."
386,"Pasta met tonijn, ansjovis, olijven, en rode peper. Kortom: pasta met pit!"
387,Dit Indonesische bijgerecht mag zeker niet ontbreken bij een uitgebreide rijsttafel.
388,nan
389,nan
390,Maak indruk met deze zelfgemaakte sushi!
391,Zelf sushi maken begint natuurlijk met de sushirijst. Een goed begin is het halve werk
392,nan
393,"Kleurrijk, Aziatisch en boordevol groenten. "
394,Zo lust iedereen spruitjes!
395,De Hollandse en Spaanse keuken gaan prima samen. Probeer deze aardappelpuree met Spaanse worst. 
396,nan
397,nan
398,nan
399,nan
400,Liefde en geduld: dat zijn de ingrediënten voor deze Italiaanse klassieker.
401,nan
402,nan
403,Makkelijk: de kabeljauw gaart in de oven en ondertussen maak je de romige stamppot.
404,nan
405,nan
406,nan
407,Smeuïge stamp met tuinerwtjes (gebakken!) en lekker zoute gerookte makreel.
408,Op een winterse dag is niets lekkerder dan Hollandse stamppot. Kerrie en seroendeng maken deze stamp extra kruidig.
409,Met een knapperige bite van walnoten. 
410,Opgepast! Gembersiroop + kokosmelk = smaakexplosie. Ze maken deze stamppot paksoi compleet.
411,nan
412,nan
413,nan
414,Flammkuchen zijn het allerlekkerst met zelfgemaakt deeg. Zet de oven maar aan! 
415,"Bietjes, appels en knolselderij zijn de basis van dit felgekleurde voorgerecht."
416,nan
417,nan
418,nan
419,AVG'tje nieuwe stijl: van aardappel maken we rösti en de groente bakken we kort.
420,Vrijdag visdag! Maar natuurlijk op andere dagen minstens zo lekker.
421,"Vegetarische burger, zo uit de hand te eten. De komijn, kurkuma en koriander zorgen voor extra veel smaak. "
422,nan
423,nan
424,Pasta roergebakken met spinazie op smaak gebracht met knoflook en paprikapoeder.
425,Een stevige soep met toch minder dan 450 calorieën en in 20 minuten klaar.
426,nan
427,nan
428,"Je wokt de groenten maar kort, dus blijven ze lekker knapperig. "
429,"Romig ovengerecht met bloemkool, pangasius en kerrie. De perfecte combinatie. "
430,nan
431,nan
432,Smeuïg pastagerecht met zachte pompoen en lekker hartige salami.
433,nan
434,Pasta met gebakken witlof: zo blijft het lekker knapperig.
435,nan
436,nan
437,nan
438,nan
439,"Verdraaid lekker, ballen uit India. Zachtromig geserveerd met naanbrood en peentjes."
440,nan
441,"Met de gesmoorde rijst, pijnboompitten en de zoete rozijnen, proef je al het goede van de Turkse keuken."
442,nan
443,nan
444,"Yes, we eten Mexicaans! Iedereen in huis smult van deze wraps met bonen, mais en kruiden. "
445,nan
446,nan
447,Voor de lekkerste fluwelige puree heb je maar 4 ingrediënten nodig.
448,nan
449,De vegetarische variant van de klassieke carpaccio met een heerlijke honing-mosterddressing.
450,nan
451,Deze maaltijd met pittige chorizo en de aardse smaak van gekookte biet staat in een kwartier op tafel. 
452,"Zet dit pastagerecht op tafel na een lange school- en werkdag, en reken maar dat ze aanvallen! "
453,"Je krijgt heimwee naar die vakantie in Toscane met dit dessert. Cantuccini, amaretto, mascarpone… Veel Italiaanser kan het niet!"
454,Geen kerst zonder kalkoen. Maar dan wel sappig en zo gaat dat zeker lukken. 
455,"Traditioneel lekker, deze goedgevulde kalkoen. Zo maak je zeker indruk bij het kerstdiner. "
456,nan
457,nan
458,Zo wordt je rollade perfect gaar: eerst rondom bakken en dan langzaam garen in de oven.
459,"Door er inkepingen in te maken, trekt de smaak van de rozemarijn, tijm en  knoflook goed in het vlees."
460,"Maak er een culinaire avond van! De varkensfiletrollade wordt geserveerd met fruitstroop, spekreepjes en rozemarijn."
461,nan
462,nan
463,nan
464,Kleurrijk hapje met knapperige sla en malse biefstuk.
465,Deze hartige poffertjes komen uit Rusland.
466,Een luxe afsluiter van een Italiaans diner. 
467,nan
468,"Konijn heeft geen extreme wildsmaak, daardoor vindt iedereen het lekker."
469,nan
470,nan
471,nan
472,"Slanke maaltijdsoep met kip, prei, wortel en aardappel."
473,nan
474,nan
475,Maak je garnalencocktail nog lekkerder met 2(!) soorten garnalen en bitterzoete grapefruit.
476,Verras je gasten met deze originele tapas. Handige tip: je kunt ze van tevoren al maken.
477,nan
478,"Hippe cocktail met avocado en een dressing van tomatensap, citroen, worcestershiresaus en tabasco."
479,nan
480,nan
481,De worteltjes worden door de kruidenolie in de oven lekker zacht. 
482,nan
483,nan
484,Simpel en snel bijgerecht: de groene kooltjes komen onder een goudbruin kaaslaagje uit de oven.
485,Zo makkelijk en net even anders. Bestrooid met sesamzaad peper en zout een heerlijk bijgerecht.
486,"Met tutti frutti, kaneel en rode wijn geef je rodekool een verrassend zoet-kruidige smaak. "
487,nan
488,Een klassiek bijgerecht voor op het kerstmenu: rode kool met cranberry.
489,Nog steeds een succesnummer: groenterolletjes met Spaanse ham.
490,nan
491,Verander broccoli van een alledaagse groente eens in een bijzonder bijgerecht met macadamianoten.
492,Spinazie en broccoli blijken een geweldig duo!
493,"En amandel, knoflook en peterselie natuurlijk. Het bijgerecht moet ook een beetje feestelijk zijn."
494,nan
495,nan
496,nan
497,nan
498,nan
499,Een echte traktatie verpakt in bladerdeeg.
500,nan
501,nan
502,nan
503,nan
504,nan
505,nan
506,nan
507,Deze tomatensoep krijgt een warme oranje gloed door de romige slagroom. Steekt leuk af tegen de felrode cherrytomaatjes. 
508,nan
509,nan
510,nan
511,nan
512,nan
513,"Oud-Hollandse stamppot met appel. Pas op: blijft lang heet. 
"
514,nan
515,nan
516,nan
517,nan
518,Een bijgerecht waar iedereen altijd heel blij van wordt. Het blijft tussen ons dat het stiekem heel makkelijk is.
519,nan
520,Een top combi: kabeljauw + linzen + spekjes + prei.
521,nan
522,nan
523,nan
524,nan
525,nan
526,Voor echte chocofans: extra pure brownie met rood fruit en amandelen.  
527,Deze sushi bevat geen rijst maar brood. Daardoor is hij veel makkelijker te maken en blijft hij iets langer vers.
528,Lekker met een rucolasalade met geitenkaas en groene aspergetips.
529,nan
530,De zelfgemaakte kruidenolie en gepofte knoflook máken deze rollade.
531,"Aan de rol met spinazie, aardappel, geitenkaas en gegrilde paprika."
532,Pureer de aardbeien met rum en rietsuiker in de blender. IJskoud is de strawberrydaiquiri het lekkerste!
533,"Warme appel, smeltend ijs, alsof er een engeltje… juist."
534,Met als pittige Italiaanse verrassing: gorgonzolakaas. 
535,Je zult vele oh's en ah's horen als je deze spectaculaire trifle serveert.
536,"Kijk hoe mooi, proef hoe heerlijk. Wacht op een feestelijke gelegenheid (of maak hem op een doordeweekse dag). "
537,nan
538,nan
539,nan
540,nan
541,nan
542,nan
543,nan
544,nan
545,nan
546,nan
547,nan
548,"Carpaccio als voorgerecht, maar dan net even anders: een carpaccio-bonbon. Culinair hapje op sterrenniveau, zó gemaakt."
549,nan
550,"Een hartig 'gebakje' van spek en malse witvis. 
"
551,nan
552,nan
553,nan
554,nan
555,nan
556,nan
557,nan
558,nan
559,nan
560,nan
561,nan
562,"Goed trio die spinazie, tomaten-selderijsaus en zalm."
563,nan
564,Met drijvende sterkoekjes een hit voor kids en de feestdagen. Soep-de-luxe!
565,"Pittig gekruid. Laat net zo lang sudderen als de Hollandse variant, maar proef de Aziatische kruiden."
566,"Door het vlees eerst te marineren in wijn, wordt het nóg malser."
567,"Pure nostalgie, stukken borstplaat met een knapperig buitenkantje en zo'n smeuïge kern."
568,nan
569,Lang leve donkere avonden! Ze zijn namelijk de perfecte setting voor deze Zwitserse kaasfondue.
570,nan
571,nan
572,"Kook eens een dubbele portie, ben je de volgende dag lekker snel klaar."
573,De rozemarijn en olijven geven deze stoofschotel iets Italiaans.
574,nan
575,nan
576,"Dit pastagerecht zit vol verse ingrediënten en staat binnen 20 minuten op tafel. Wat wil je nog meer?
"
577,Serveer in een grote schaal en tast toe.
578,nan
579,Deze lasagne met geitenkaas heb je in 10 minuten in de oven staan. Easy!
580,nan
581,nan
582,nan
583,nan
584,"Als de dagen kouder worden, zet je deze ovenschotel met zoete stoofperen op tafel."
585,nan
586,nan
587,nan
588,nan
589,nan
590,nan
591,nan
592,nan
593,nan
594,nan
595,nan
596,nan
597,nan
598,nan
599,nan
600,nan
601,nan
602,Eten er kinderen mee? Vervang dan de wijn door water en voeg daar 2 el diksap aan toe.
603,nan
604,"Altijd lekker, zo'n Spaanse tortilla met aardappelen. Olé!"
605,nan
606,Een perfecte traktatie: chocolade op een stokje!
607,nan
608,nan
609,nan
610,nan
611,"Deze cupcakes met speculaaskruiden passen perfect bij pakjesavond. En doordat ze zo mooi zijn versierd, is het ook een gezellige traktatie."
612,Leuk om te serveren tijdens een diner.
613,nan
614,nan
615,De vulling van stukjes ciabatta en geroosterde pijnboompitten maakt deze maaltijdsoep extra stoer.
616,Olé! Deze goudkleurige erwtensoep krijgt een Spaans tintje door de pittige chorizo.
617,nan
618,nan
619,nan
620,nan
621,"Zoet, hartig, smeuïg en in een half uur op tafel."
622,nan
623,nan
624,nan
625,nan
626,nan
627,nan
628,"Een verwennerij voor de zondagavond, dan heb je de tijd om het vlees te laten stoven!"
629,"Na zo’n zes uur is het draadjesvlees al reuze zacht, maar langer mag natuurlijk altijd. Een slimme kok maakt direct een dubbele hoeveelheid."
630,nan
631,nan
632,nan
633,nan
634,nan
635,nan
636,nan
637,nan
638,nan
639,nan
640,nan
641,Ook te maken met een grillpan. Heerlijk om van te snoepen tijdens een spannende film. 
642,nan
643,nan
644,nan
645,nan
646,Een salade vol aardse smaken.
647,nan
648,nan
649,Laat de herfst maar komen. Wij zetten een stoofschotel met pompoen op tafel.
650,nan
651,nan
652,Heerlijk warm gerecht voor zo'n echte druilerige (herfst)avond.
653,nan
654,Daar word je blij van: een miniquiche op je bord!
655,nan
656,nan
657,Deze Mexicaanse wraps zijn nóg lekkerder als je ze serveert met guacamoledip. 
658,nan
659,nan
660,Een fruitige variatie op de classic gehaktbal. Met pistachenoten.
661,"Lekker slank, deze salade van mango, geitenkaas en balsamicoazijn.  "
662,"Met ketjap, pindakaas en bestrooid met kokosnootjes."
663,"Een kip uit de oven toveren kost wat tijd, maar weinig moeite. Alleen beetje peper en zout en lekker dat het is!"
664,nan
665,"Cheesecake is een allemansvriend. Met een satéprikker geef je deze versie een prachtige gemarmerde look.
"
666,nan
667,Bestrooi met blaadjes basilicum voor een kleurig geheel. 
668,"Knapperig filodeeg en een zachte vulling van spinazie, kaas en kikkererwten."
669,"Herfst uit de oven. Met ricotta, geitenkaas en rozemarijn."
670,nan
671,"Rode peper, rode paprika en rode ui sieren deze pittige taart, genoeg voor zes!"
672,nan
673,De smaken van de kruiden trekken in de oven heerlijk in het vlees. 
674,nan
675,nan
676,Samen romig uit de oven.
677,Lasagne net even anders: met runderballetjes.
678,Dat ziet er leuk uit! En de smaak? De lasagnerolletjes zijn gevuld met een heerlijk spinaziemengsel. 
679,"Klein beetje voorbereiden, in de oven en kláár is je ovenschotel. "
680,nan
681,Zo simpel kan het zijn: de aardappelen en groenten gaan gewoon samen de oven in. 
682,Handig: je bereidt de aardappelen en groenten gewoon samen in één ovenschaal. 
683,nan
684,"Rijkgevuld met kabeljauw, zalm en garnalen. En lekker veel, zodat je er met 6 mensen van kunt eten."
685,"Dit is nou echt zo'n duo dat voor elkaar gemaakt is. Een simpel, maar heerlijk bijgerecht."
686,Altijd al een lekker stel. Nu voegen de tomaat en de kruiden zich erbij en gaan ze samen de oven in.
687,Deze jachtschotel met appel is het bewijs dat lekker eten helemaal niet duur hoeft te zijn.
688,nan
689,nan
690,nan
691,nan
692,Stamppot zuurkool met als zoetzure verrassing: ananas!
693,nan
694,nan
695,"Kwartiertje voorbereiden en dan de oven in, deze schotel met lekker grote macaroni."
696,"Met deze pastaschotel maak je het jezelf makkelijk. 15 minuten bereiden, de oven doet de rest!"
697,"Aardappelen, groenten en vis op de bakplaat... Even in de oven en klaar!"
698,Risotto maken was nog nooit zo makkelijk! De oven doet bij dit recept namelijk het meeste werk.
699,nan
700,nan
701,Lang leve de kookroom. Romig en fris met cherry tomaatjes en courgette.
702,nan
703,nan
704,nan
705,nan
706,nan
707,nan
708,nan
709,nan
710,nan
711,nan
712,nan
713,nan
714,nan
715,nan
